COMMAND,Have,PVI
FUNCTION,Is,OBF
COMMAND,Contain,PARAMETER
SHORTCUT,ReferTo,EXE
SUB,Send,FILE
FUNCTION,Perform,ACTION
SUB,Use,SilentlyContinue PARAMETER
FILE,Saved,COMPRESSED FILE
START PROCESS COMMAND,Execute,EXE
OBF,Decode,DATA
SUB,Check,FILE SIZE
SUB,Define,FUNCTION
REGKEY,SetTo,AUTORUN
FOLDER,Have,EXE
SUB,Change Directory,PATH
SUB,Use,SERVICE
SUB,Use,net.webclient COMMAND
HIDDEN PATH,Hosted,EXE
EXE,have,ELEVATED PRIVILEGES
FUNCTION,Use,ALGORITHM
VALUE,Points to,EXE
SUB,Load,WAPI
KEY,ReferTo,EXE
FILE,Contains,DATA
SUB,Use,ENCRYPTED PARAMETER
SUB,Write,TEMP PATH
TEMP PATH,Have,FILE
SUB,Wait,Time
SUB,Execute,FUNCTION TO COLLECT PVI
SUB,Decodes,ACTION
SUB,Monitor,EVENT
Marshal.Copy WAPI,Copy,DATA
FUNCTION,Change,NON-PUBLIC FIELD
COMMAND,Have,FILE
SUB,Have,SLEEP
SUB,Use,COMPRESSION API
SUB,Modify,Script Block Logging REGKEY
SUB,Access,EXE
DYNAMIC ASSEMBLY,Use,FUNCTION
OBF,Use,OBF
SUB,Use,ACTION
SUB,Execute,VAR NAME
PVI,SavedTo,PATH
SUB,Execute,Get-WmiObject COMMAND
COMMAND,Create,EXE
SUB,Modify,static field
EXE,Saved,OBF
EXE,Written,PATH
BINARY STRING,ConvertedTo,ASCII STRING
EXE,Create,EXE
WAPI,Allocate,OBF
SUB,Modify,STARTUP FOLDER REGKEY
FUNCTION,Have,OBF
WEB REQUEST,Connect,URL
SUB,Convert,ACTION
TEMP FILE,Have,PVI
IEX COMMAND,Execute,EXE
ACTION,Decrypted With,COMMAND
SUB,Ignore,ERROR_MSG
EVENT,Include,EVENT
COMPRESSED FILE,Decompressed,PATH
EXE,Append,PS COMMAND
SUB,Check,PREVILIEGE
SUB,Use,Add-Type COMMAND
SUB,Have,EncodedCommand PARAMETER
SUB,Use,System.Text.Encoding.UTF8.GetString COMMAND
COMMAND,Have,PARAMETER
OBF,CopiedTo,MEMORY
SUB,Execute,COMPRESSION WAPI
SUB,Execute,BYPASS PARAMETER
IEX COMMAND,Execute,OBF
FILE,Have,WAPI
SUB,Write,FILE
SUB,Load as Assembly,FILE
WAPI,Use,Security PARAMETER
SUB,Loop,LOOP
EXE,Create,PROCESS
SUB,Use,DELEGATE
FILE,Contains,PVI
PS COMMAND,Execute,BYPASS PARAMETER
SUB,Encrypt,OBF
SUB,Perform,ACTION
SUB,Use,POINTER
SUB,Execute,OBF EXE
FUNCTION,Have,URL
SUB,Access,URL
SUB,Use,mute argument
IEX COMMAND,Download,EXE
VAR,Is,OBF
PVI,SentTo,REMOTE HOST
SUB,Decompress,OBF EXE
DATA,PassedTo,ASSEMBLY
SUB,Write,CODE
SUB,Use,Discord API
SUB,Execute,Set-ExecutionPolicy COMMAND
MEMORY_ADDRESS_MATCH,Execute,FUNCTION
SUB,Access,PATH
FILE,Saved,USER APPDATA PATH
STRING,Replaced with,STRING
WAPI,SET,ERR
SUB,Have,FUNCTION
Suspicious REGKEY Value,Located,AUTORUN REGKEY
SHORTCUT,Saved,APPDATA PATH
FUNCTION,Execute,System.Reflection.Assembly WAPI
SUB,Use,StreamReader WAPI
SUB,Communicate,EXTERNAL SERVICE
OBF,Is,EXE
Marshal WAPI,Create,DELEGATE
SUB,Use,ALGORITHM
DATA,Hosted By,PARAMETER
SUB,USE,FUNCTION
SUB,Execute,OBF CODE
ERROR HANDLER,Use,TRY-CATCH
OBF,Decode,CODE
EXE,Saved,HIDDEN PATH
PVI,UploadedTo,EXTERNAL SERVICE
SUB,Use,ERROR ACTION PARAMETER
SUB,Create,THREAD
SUB,Inject,DLL
SUB,Encode,COMMAND
SUB,Import,WAPI
EXE,Hosted,EXTERNAL URL
FUNCTION,ConvertedTo,DATA
COMMAND,Decode,OBF
SUB,Wait,REMOTE COMMAND
FUNCTION,Use,DESCRYPTION TOOL
SUB,Use,METHOD
Function,Collect,PVI
VAR,Is,PATH
SUB,Clear,RegKey
PATH,Hosted,ProgramData PATH
SUB,Access,FOLDER
SUB,Execute,schtasks /run COMMAND
SUB,Execute,Encryption
DLL,Have,FUNCTION
TASK,SetTo,COMMAND
FILE,SentTo,EXTERNAL SERVICE
TASK,Execute,TIME_SCHEDULE
OBF,Decrypted,CODE
PVI,SavedTo,TEMP PATH
OBF,Have,FUNCTION
SUB,Use,DLL
EXE,Create,PS COMMAND
SUB,Have,OBF
OBF,Hosted,MEMORY
SUB,Use,NETWORK_PROXY
SUB,Use,Set-MpPreference cmdlet
SUB,Use,Marshal.GetDelegateForFunctionPointer WAPI
WEB QUEST,Connect,WEBHOOK
SUB,Copy,DATA
FILE,Name,EXE
IEX COMMAND,Have,Reverse PARAMETER
FILE,HOSTED,URL
SUB,Modify,DATA
THREAD,Execute,PAYLOAD
SUB,Decrypt,RESPONSE OF WEB QUEST
SUB,Execute,DLL
SUB,Encrypt,DATA
SUB,Use,ERR
SUB,React,KEYBOARD EVENT
PS COMMAND,Have,BYPASS PARAMETER
COMMAND,IsPartOf,FILE
SUB,Check,Virtual machine environment
SUB,Check,VERSION
ZIPPED FILE,Hosted,EXTERNAL URL
SUB,Create,Server
DATA,Have,DYNAMIC NET TYPE
SUB,Check,FILE
FUNCTION,Download,FILE
Action,Disable,DEFENDER
SUB,Upload,EXTERNAL SERVICE
SUB,Create,FUNCTION with OBF NAME
IEX COMMAND,Download,DATA
ProgramData PATH,Hosted,EXE
EXE,Saved,TEMP PATH
COMMAND,Capture,DATA
FUNCTION,Check,ERROR_CODE
OBF,Have,OBF
SUB,Set,AUTORUN REGKEY
SUB,Have,Twitter ACCOUNT
SUB,Use,SLEEP
EXE,Hosted,SYSTEM PATH
SUB,Have,DECRYPTION TOOL
SUB,Connect,WEBHOOK
Web Request COMMAND,Download,FILE
SUB,Use,ACCOUNT
FUNCTION,IsPartOf,AppDomain Class
SUB,Use,COMMAND
COMMAND,Execute,SLEEP
SUB,OBF,PARAMETER
SUB,Execute,WebQuest COMMAND
COMMAND,Save,FILE
SUB,Create,REGKEY
SUB,Use,System.Convert.ToInt32 COMMAND
SUB,Compress,DATA
SUB,Download,COMPRESSED FILE
WAPI,CalledWith,PARAMETER
SUB,Copy,PVI
FUNCTION,Use,OBF
SUB,Use,CODE GENERATION AT RUNTIME
OBF,SavedAs,EXE
SUB,Encrypt,PVI
VAR,Generated From,VAR
REMOTE CODE,Download,EXE
SUB,Have,ERROR_HANDLING
SUB,Deletes,TEMP FILE
REMOTE CODE,Hosted,URL
OBF,Decoded,FUNCTION
VAR,Encoded By,REPLACE PARAMETER
SUB,Use,System.Reflection.Assembly Assembly
SUB,Execute,EntryPoint
SUB,Collect,TIME STAMP
PARAMETER,Have,DATA
Windows FORM LIBRARY,Use,INTERNAL WAPI
PS COMMAND,Create,BACKGROUND JOB
SUB,Check Existence,DEFENDER
SUB,Use,NON-STANDARD PORT
PATH,Have,HIDDEN PROPERTY
FILE,Use,ACTION
VAR,Uploaded,URL
WAPI,Have,NULL lpParameter PARAMETER
SUB,USE,PS COMMAND
IEX COMMAND,Have,encodedcommand PARAMETER
SUB,Execute,32-bit JOB
COMPRESSION WAPI,Decompress,DATA
FILE,Execute,EXE
SUB,Execute,WebRequest COMMAND
SUB,Use,Dynamic_Assembly_Encryption
SUB,Execute,ENTRYPOINT TO EXE
EXE,Use,WAPI
PS COMMAND,Have,elevated privileges PARAMETER
EXE,Hosted In,PATH
PATH,ReferTo,EXE
COMMAND,Access,RECURRENT PATH
DATA,ChangedTo,URL
SUB,Creates,EXE
ASSEMBLY,Executed By,EXECUTE
SUB,Sleep,TIME
SUB,Execute,Send-MailMessage COMMAND
TASK,Run,EXE
SUB,Set,ErrorActionPreference PARAMETER
FILE,SavedTo,PATH
SUB,Connect,URL
SUB,Generate,TOKEN
OBF,Dencrypt,ASM
OBF,Decoded,EXE
SUB,Copy,FILE
SUB,Inject,EXE
SUB,Retrieve,DATA
SUB,Rename,FILE
IEX COMMAND,Decrypt,FILE
SUB,Use,System.Management NAMESPACE
FILE,Append,EXTENSION
MEMORY,Have,OBF
OBF,Have,PS COMMAND
VAR,Decoded,NET ASSEMBLY
SUB,Use,-eC switch PARAMETER
SUB,Connect,IP
COMMAND,Send,HOST
COMMAND,Bypass,script block logging ACTION
TASK,Execute,EXE
SUB,Download,FILE
SUB,Copy,CODE
SUB,Check,ACTION
DELEGATE,ReferTo,CODE
SUB,Have,Comments in multiple languages
SUB,Have,VAR
SUB,Write,REGKEY
SUB,Hide,ACTION
PS COMMAND,Load,EXE
COMMAND,Have,SLEEP
PATH,ChangedTo,Hidden PROPERTY
IEX COMMAND,Download,FILE
SUB,Inject,PROCESS
SUB,Obfuscate,CODE
EXE,Hosted,USER APPDATA PATH
SUB,Use,EXE
SUB,Use,System.IO.StreamReader WAPI
FILE,Saved,APPLICATION PATH
SUB,Use,COMPRESSED TOOL
FUNCTION,Use,DATA
SUB,Execute,WAPI
SUB,Have,NAMESPACE
COMMAND,Execute,EXE
SUB,Connect,IP ADDRESS
PVI,SentTo,SERVICE
SUB,Read,WAPI
SUB,Generate,FILE
SUB,Save,EXE
SUB,Execute,IWR COMMAND
TASK,Execute,SCRIPT
SUB,Use,Method
SUB,Use,OBF
SUB,Executes,COMMAND
DATA,CopiedInto,MEMORY
EXE,Overwrites,FILE
FILE,Saved,USER PUBLIC PATH
OBF,Hosted,SUB
COMMAND,Execute,OBF
SUB,Decrypt,OBF
SUB,Use,VisualBasic
COMMAND,Have,EncodedCommand PARAMETER
CODE,Collect,PVI
REGKEY,Have,PARAMETER
COMMAND,Execute,PROCESS
DATA,Extracted,FILE
SUB,Execute,WEB QUEST
EXTERNAL SERVICE,Is,BOT
DATA,SentTo,COMPRESSION WAPI
PS COMMAND,Use,BYPASS PARAMETER
SUB,Use,InvokeWithEvasion COMMAND
NAMESPACE,Have,RANDNAME
REGKEY,Have Value,PATH
POINTER SIZE,CHECK,TYPE OF PROCESS
LOOP,WAIT,CONDITION
EXE,Download,EXE
FILE,Hosted,PATH
SUB,Use,NET ASSEMBLY
SUB,Handle,ERR
MEMORY,Have,MEM_COMMIT | MEM_RESERVE ATTRIBUTE
DATA,Uploaded,REMOTE HOST
SUB,Read/Write,FILE
EXE,Write,PATH
PS PS COMMAND,Have,BYPASS PARAMETER
SUB,Use,Marshal::Copy FUNCTION
Set-ExecutionPolicy COMMAND,Have,BYPASS PARAMETER
BOT,Contact,CHAT GROUP
PARAMETER,Have,CODE
SUB,Create,WAPI
DATA,Converted To,NET ASSEMBLY
SUB,Run,NON-INTERACTIVE MODE
OBF,Decoded,DATA
FILE,ConvertedTo,NET ASSEMBLY
SUB,Have,HTTPHEADER
EXE,Renamed,FILE
SUB,Create,WEBCLIENT
SUB,Save,PATH
EXE,Generate,EXE
FUNCTION,Use,NAMESPACE
SUB,Encode,PVI
EXE,Have,DATA
SUB,Execute,SCREENSHOT
PS COMMAND,Execute,NET ASSEMBLY
OBF,Contain,Invoke-WebRequest COMMAND
COMMAND,Import,WAPI
COMMAND,CAN,ACTION
WAPI,Allocate,MEMORY
SUB,Access,MEMORY
SUB,Retrieve,DOMAIN NAME
SUB,Execute,REMOTE CODE
EXE,Execute,FILE
SUB,Decodes,DATA
SUB,Use,ENCRYPTION ALGORITHM
WAPI,Use,Reflective DLL Injection
SUB,Define,CUSTOMIZED FUNCTION
SUB,Use,MUTEX
COMMAND,Execute,PS COMMAND
FUNCTION,Send,PVI
SUB,Create,URL
COMMAND,Execute,DATA
SUB,Terminate,PROCESS
PVI,Saved,FILE
COMMAND,Have,OBF
SUB,Check,DATA starts with the Unicode Byte Order Mark (BOM)
TASK,Execute,FREQUENCY
SUB,Use,ASSEMBLY
SUB,Executes,EXE
URL,Have,OBF
FILE,Saved,EXE
CODE,Loaded,MEMORY
WAPI,Have,ALLOCATIONTYPE PARAMETER
SUB,Use,Marshal::Copy WAPI
OBF,Have,PARAMETER
USER AGENT,AddedTo,WEB QUEST
START PROCESS COMMAND,Have,BYPASS PARAMETER
EXE,Have,BYTE ARRAY PAYLOAD
FUNCTION,Have,RANDNAME
Invoke-RestMethod COMMAND,Send,PVI
SUB,Write,TEMP FILE
SUB,Delete,SUB
ACTION,Include,DEFENDER
SUB,Use,ENCRYPTION ACTION
EXTERNAL SERVICE,Hosted,PVI
SUB,Monitor,ACTION
SUB,Change,FILE
CLASS,Download,FILE
SCRIPT,Saved,ProgramData PATH
SUB,Write,EXE
SUB,Upload,COMPRESSED FILE
VAR,Loaded,Reflection.Assembly::Load WAPI
SUB,Execute,Get-NetIPAddress COMMAND
THREAD,Load,CODE
COMMAND,Have,URL
SUB,Change,SCAN SCHEDULE
SUB,Wait,LOOP
SUB,Have,KEYLOGGER COMMAND
SUB,Send,DATA
FUNCTION,RECEIVE,DATA
FUNCTION,Dencrypt,OBF
SUB,Create,AUTORUN REGKEY
COMMAND,Have,PATH
PATH,LocatedIn,ProgramData PATH
ENV PARAMETER,Have,PVI
OBF,Concatenated With,DATA
SUB,Execute,COMPRESSED FILE
SUB,Use,System.Reflection.Assembly WAPI
EXTERNAL SEVICE,Have,EXE
SUB,Use,Marshal.Copy
SUB,Use,BOT
EXE,Invoke,SUSPICIOUS METHOD
COMMAND,Connect,WEBHOOK
SUB,Decompress,COMPRESSED FILE
SUB,Upload,PVI
SUB,Clear,Command history
IP ADDRESS,Open,PORT
SUB,Save,PVI
Function,Extract,PVI
PARAMETER,SetTo,silentlycontinue
Start-Job COMMAND,Have,RunAs32 PARAMETER
PVI,Uploaded,WEBHOOK
FILE,Scheduled,AutoRun
TASK,Scheduled,FREQUENCE
SUB,Split,DATA
SUB,Change,SmartScreenEnabled REGKEY
SUB,Have,BYPASS PARAMETER
SUB,Point,FILE
WALLPAPER,ChangedTo,CUSTOMIZED IMG
SUB,Modify,REGKEY
PVI,Wait,TIME
COMMAND,Create,BACKGROUND JOB
SUB,Use,CREDENTIAL PARAMETER
PVI,SentTo,EXTERNAL SERVICE
IEX COMMAND,Have,BYPASS PARAMETER
COMMAND,Have,PS COMMAND
TASK,Create,FREQUENCE
SUB,Have,OBF EXE
SUB,Hide,ENTITY
FUNCTION,Write,TEMP PATH
FUNCTION,Is  Part of,NAMESPACE
SUB,Send,PVI
ACTION,Allows,ACTION
EXE,Hosted,EXTERNAL SERVICE
SUB,Have,Chat ID
FILE,UploadedTo,PATH
CODE,Create,DATA
DATA,PassedTo,FUNCTION
EXE,Hosted,PUBLIC PATH
Powershell version,DISABLE,SBL
THREAD,Execute,ASM
EXE,Have,PARAMETER
SUB,Stop,DEFENDER
BREAKPOINT,Bypass,DEFENDER
EXE,Hosted,USER PUBLIC PATH
FILE,Saved,DATA
SUB,Execute,WebClient Object
PARAMETER,Refer to,EXE
EXE,Download and Execute,FILE
COMMAND,Connect,URL
COMMAND,Have,ENCODED PARAMETER
SUB,Execute,FILE
SUB,Check,KEYBOARD EVENT
COMMAND,Execute,CODE
IP ADDRESS,Uploaded,BOT
SUB,Read,FILE
PS COMMAND,Execute,FILE
FUNCTION,Have,PARAMETERS
PVI,Uploaded,URL
COMMAND,Download,FILE
SUB,Use,PARAMETER
SUB,Execute,Get-Clipboard COMMAND
SUB,Check,EXE
SUB,Download,COMMAND
PS COMMAND,Have,PowerShell script execution policy ACTION
ACTION,Write,EXE
SUB,Dencrypt,OBF
SUB,Import,DLL
OBF,Saved,COOKIE
SUB,Execute,WebClient WAPI
DATA,Into,PROCESS
WAPI,CalledWith,dwStackSize PARAMETER
FILE,Set,AutoRun
FILE,Convert,FILE
PARAMETER,Concatenate,PARAMETER
FILE,Have,COMMAND
VBS,Execute,EXE
OBF,Include,Character array manipulation
SUB,Search,Non-public FIELD
SUB,Set,USER AGENT
SUB,Collect,FILE INFO
SUB,Disable,SYSTEM UPDATE
SUB,Execute,HIDDEN PROCESS
SUB,Upload,SERVICE
SUB,Contains,OBF
FILE,Saved,TEMP PATH
SUB,Execute,Clear-PowerShellHistory COMMAND
SUB,Copy,ADMINISTRATOR PATH
EXE,Hosted,APPDATA PATH
SUB,Creates,THREAD
OBF,Decrypted,PS COMMAND
Action,Trigger,ACTION
EXE,Use,BYPASS PARAMETER
WAPI,CalledWith,dwCreationFlags PARAMETER
SUB,Use,IEX COMMAND
PROCESS,Have,suppressed error dialogs
ARGUMENT,Is,EXE
EXE,UPLOAD,DATA
CODE,Derived From,OBF
EVENT,Trigger,ACTION
OBF,Use,WAPI
EXTERNAL SERVICE,Accessed,TOKEN
WAPI,Access,PVI
SUB,Check,PATH
OBF,Hosted,FILE
Set-MpPreference COMMAND,Use,DisableRealtimeMonitoring PARAMETER
SUB,Define,WAPI
FILE SHORTCUT,Points To,FILE
FUNCTION,Is,EMPTY
Reflection.Assembly WAPI,Execute,EXE
SUB,Collect,REMOTE_HOST
Start-Process COMMAND,Have,BYPASS PARAMETER
WAPI,Protect,MEMORY
SUB,Load and Execute,ASSEMBLY
SUB,Extract,COMPRESSED FILE
SUB,Call,FUNCTION
EXE,Hosted,EXE
OBF,Include,String concatenation ACTION
REGKEY,Associted,Script Block Logging
SUB,Execute,ACTION
WEBHOOK,Receive,PVI
BOT,Send,EXTERNAL CHAT GROUP
PS COMMAND,Include,BYPASS PARAMETER
SUB,Reference,Windows FORM LIBRARY
SUB,Load,WindowsBase assembly WAPI
SUB,Rename,EXE
FILE,Decode,OBF
SUB,Executes,CODE
SUB,Define,DLLIMPORT
ACTION,Execute,EXECUTE
FUNCTION,Get,ADDRESS OF PROCESS
SUB,Suppress,Error message
EXE,Hosted,ProgramData PATH
SUB,Check,MUTEX
SUB,Connect,REMOST HOST
SUB,Copy,OBF
SUB,Load,NET ASSEMBLY
SUB,Download,EXE
SUB,Change,REGKEY
SUB,Define,URL
PATH,Execute,EXE
SUB,ADD REFERENCE TO,FILE
EXE,Execute,COMMAND
VAR,Host,EXE
PS COMMAND,Download,EXE
EXE,Executed By,EXE
SUB,Modify,RegKey
SUB,Execute,ipconfig COMMAND
CRYPTOCURRENCY INFO,Hosted,CRYPTOCURRENCY PATH
SUB,Obfuscate,OBF
EXE,Saved,PATH
PS COMMAND,Have,PARAMETER
SUB,Download,OBF
ASSEMBLY,Use,FUNCTION
SUB,Detect,Virtual Machine
SUB,Monitor,KEYBOARD EVENT
FILE,Read,OBF
COMMAND,Load,System.Windows.Forms LIBRARY
FILE,Associated with,FILE
OBF,Dencrypt,DATA
SUB,Create Registry Key,REGKEY
DELEGATE,Execute,CODE
PS COMMAND,Have,Join PARAMETER
PATH,Hosted,EXE
VARIABLE,CopiedTo,MEMORY
EXTERNAL SERVICE,Receive,PVI
REMOTE FILE,Hosted,URL
SUB,AddAMSIExclusion,TASK
SUB,Check,PowerShell version
SUB,Use,Dynamic code execution ACTION
SUB,DOWNLOAD,URL
SUB,Execute,PowerShell execution policies
DATA,Saved,ProgramDataPATH
SUB,Check,PVI
EXE,Hosted,HIDDEN PATH
COMMAND,Execute,FUNCTION with OBF NAME
EVENT,Include,KEYBOARD EVENT
CLASS,Use,WAPI
FILE,Have Name,RANDNAME
SUB,Have,WAPI
PS COMMAND,Have,IEX COMMAND
PS COMMAND,Decode,OBF
COMPRESSED DATA,DecompressedTo,DATA
EXE,Execute,FUNCTION
SUB,Execute,METHOD
TEMP FILE,Is,EXE
FUNCTION,Saved,TEMP PATH
EXPLOIT,Use,VULNERABILITY
SUB,Access,ENV PARAMETER
SUB,Use,REGKEY
SUB,Use,Encryption/Decryption FUNCTION
SUB,Execute,WEB REQUEST
PS COMMAND,Delete,FILE
FUNCTION,Performs,ACTION
SUB,Check,FILE WITH CUSTOMIZED SIZE
FILE,Contain,PVI
PS COMMAND,Have -NoP -sta -w 1,BYPASS PARAMETER
CODE,Hosted,MEMORY
SUB,Use,String OBF
SUB,Invoke,DELEGATE
FUNCTION,Have Name,RANDOM STRING
OBF,Loaded,MEMORY
DATA,Copied,MEMORY
NAMESPACE,Have,CLASS
SUB,Use,Reflection.Assembly WAPI
COMMAND,Have,BYPASS PARAMETER
FILE,Located in,SYSTEM PATH
PVI,Upload,REMOTE HOST
SUB,Have,credential
COOKIE ,AddedTo,WEB QUEST
ALIAS,ReferTo,FUNCTION
SUB,Download,DATA
DATA,Saved,EXE
DLL,Have,WAPI
FILE,Hosted,ProgramFilePath
EXE,Runs,PS COMMAND
EXE,Downloaded from,EXTERNAL SERVICE
SUB,Monitor,PATH
REGKEY,Is,KEYVALUE
EXE,Execute,EXE
DELEGATE,Execute,IEX COMMAND
FUNCTION,Have,STRING PARAMETER
ADDRESS,Saved,DATA
PS COMMAND,Download,DATA
OBF,Have,WAPI
FILE,Uploaded,URL
SUB,Execute,Set-Content COMMAND
FILE,Hosted,USERPROFILE APPDATA PATH
PVI,Saved,TEMP FILE
SUB,Convert,BYTE ARRAY
SUB,Not,ACTION
OBF,Decoded,PAYLOAD
PARAMETER,Concatenated,PARAMETER
EXE,SavedTo,PATH
PARAMETER,Replaced With,FUNCTION
EXE,Execute,OBF
FUNCTION,Collect,PVI
SUB,Use,PowerShell reflection ACTION
EXE,Saved,SYSTEM PATH
FUNCTION,Have,LOOP
URL,Have Name,RANDOM STRING
SUB,Use,Reflection.Assembly.Load WAPI
DATA,Loaded,MEMORY
TASK,Start,DATE
SUB,Access,SYSTEM PATH
EXE,Hosted,TEMP PATH
DATA,WrittenTo,FILE
Function,Create,EXE
SUB,Copy,VAR
SUB,Execute,SLEEP
EXE,Encrypt,OBF
EXE,Downloaded,URL
SUB,Use,Out-File COMMAND
SUB,Execute,COMMAND
PS COMMAND,Have,HIDE
OBF,Have,URL
SUB,Search,PATH
SUB,Use,PENTEST TOOL
PS COMMAND,Execute,COMMAND
SUB,Encode,OBF
SUB,Use,Function
COMMAND,Use,PARAMETER
SUB,Add Exclusion,TASK
SUB,Use,NET REFLECTION WAPI
COMPRESSED FILE,Decompressed,FILE
SUB,Have,EMPTY Try-Catch
DATA,Use,DYNAMIC COMPILE
SUB,Execute,Net.WebClient COMMAND
EXE,Have,FUNCTION
FILE,SentTo,WEBHOOK
COMPRESSED FILE,Downloaded From,IP ADDRESS
Assembly.Load WAPI,Load,NET ASSEMBLY
SUB,Collect,DATA
SUB,Have,Decode FUNCTION
FILE,Have,PVI
SUB,Saved,TEMP PATH
EXE,Dencrypt,OBF
SUB,Create,ALIAS
SUB,Allocate,MEMORY
ADDRESS of Function,CopiedTo,DATA
TASK,Terminated,SUB
SUB,Change,PROCESS
SUB,Delete,ACTION
ACTION,Connect,IP ADDRESS
SUB,Check,VM_SIGNATURE
SUB,Load,CODE
SUB,Create,CUSTOMIZED PATH
EVENT,Trigger,FUNCTION
SUB,Performs,ACTION
OBF,Contains,CODE
THREAD,Execute,EXE
COMMAND,Check,PROCESS
PVI,Saved,PATH
SUB,Use,Interop SERVICE
SUB,Retrieve,IP ADDRESS
FILE,CopiedTo,PATH
SUB,Use,NET REFLECTION LIB
OBF,Converted,EXE
SUB,Use,FUNCTION
OBF,Execute,COMMAND
SUB,Create,System.Net.WebClient OBJ
SUB,Contact,EXTERNAL SERVICE
SUB,Communicate,URL
SUB,Check,SYS INFO
SUB,Modify,DEFENDER
SUB,Reference,VB LIBRARY
WAPI,Decode,OBF
SLEEP,Have,TIME
FILE,Load,NET ASSEMBLY
ASSEMBLY,Call,FUNCTION
EXE,Execute,PS COMMAND
SUB,Invoke,Telegram API
SUB,Execute,WebClient
EXE,Execute,DATA
SUB,Execute,FUNCTION
CUSTOMIZED FUNCTION,Decode,OBF
EXE,Have,OBF
Write Action,Followed By,SLEEP
SUB,Add Exclusion,TEMP PATH
EVENT,Trigger,EXE
SUB,Connect,REMOTE HOST
FUNCTION,Use,ENCRYPTION ALGORITHM
SUB,LOAD,LIBRARY
PS COMMAND,Inject,OBF
SUB,Execute,Remove-Item COMMAND
SUB,Collect,PVI
SUB,Lack,ACTION
SUB,Create,OBJECT
SUB,Run,EXE
SUB,Download,CODE
DATA,Execute,IEX COMMAND
SUB,Have,LOOP
PS COMMAND,Collect,PVI
PVI,ConvertedTo,FILE
SUB,Connect,EXTERNAL URL
SUB,Set Attribute,EXE
SUB,Executes,SLEEP
SUB,Change,PS EXECUTION POLICY
EXE,Extract,COMPRESSED FILE
VAR,Generated,VAR
SUB,Runs,DATA
SUB,Execute,EXE
OBF,SavedTo,EXE
ASSEMBLY,Download,OBF
MEMORY,Execute,VAR
HIDDEN PATH,Host,EXE
COMMAND,Have,PAYLOAD
SUB,ESCALATE,PARAMETER
PS COMMAND,Execute,EXE
COMMAND,Decrypt,OBF
SUB,Use,Reflective DLL Injection ACTION
FILE,Hosted,URL
SUB,Execute,OBF
ACTION,Execute,COMMAND
COMMAND,Load,NET ASSEMBLY
COMMAND,Download,EXE
COMMAND,Change,REGKEY
SUB,Use,PROXY
OBF,Called,FUNCTION
SUB,Use,COMPRESSION ALGORITHM
SUB,CHANGE,EXECUTION POLICY
OBF,Copied into,MEMORY
SUB,Add Exclusion,FILE
URL,Host,EXE
SUB,Use,ENCRYPTION
SUB,Ignore,Digital Signature Verification
SUB,Execute,PROCESS
SUB,Create,FILE WITH RANDOM NAME
COMMAND,Have,SOURCE
SUB,Create,FAKE FILE
Instance,Execute,Function
SUB,Use,URL
TASK,Execute,PERIOD
EXE,Hosted,REMOTE FILE
SUB,Collect,FILE
FILE,Combined with,FILE
WAPI,Create ,MEMORY
SUB,Upload,URL
SUB,Execute,SCRIPT
SUB,Check,SYSTEM INFO
COOKIE,SetTo,RANDOM VALUE
PS COMMAND,Execute,PROCESS
SUB,WaitUntilFinish,THREAD
COMMAND,Indicates,ACTION
EXE,Download,OBF
PVI,Saved,TEMP PATH
SUB,Have,ENCRYPTION TOOL
OBF,Execute,EXE
COMMAND,Have,RunAs32 PARAMETER
OBF,Decoded,PS COMMAND
COMMAND,TERMINAT,PROCESS
SUB,Inject,PS COMMAND
EXE,Have,PS COMMAND
FUNCTION,Have,ACTION
SUB,Have,AutoRun RegKey
COMMAND,Have,Set-Value PARAMETER
SUB,Wait,TIME
SUB,Use,Add-Type cmdlet COMMAND
COMMAND,DECOMPRESS,OBF
FILE,Hosted,EXTERNAL URL
SUB,Execute,OBF COMMANd
DLL,InjectedInto,PROCESS
TASK,Execute,PS COMMAND
BOT TOKEN,Have,RANDOM STRING
FUNCTION,Retrieve,ADDRESS OF WAPI
DELEGATE,Execute,PAYLOAD
EXE,Download,URL
SUB,Use,New-Object COMMAND
ACTION,Include,LOOP
COMMAND,Add Exclusion,EXE
SUB,Send,URL
COMMAND,Check,CONDITION
WebClient,Connect,EXTERNAL SERVICE
PVI,Includes,FILE
SUB,Use,PS COMMAND
SUB,Create,ProgramData PATH
SUB,Create,SHORTCUT
KEYBOARD EVENT,Trigger,ACTION
SUB,Bypass,PROXY SETTING
EXE,Decode,OBF
Server,Listen,ACTION
EXE,Execute,CODE
SUB,Change,PROPERTY
SUB,Copy,MEMORY
COMPRESSED FILE,SentTo,EXTERNAL SERVICE
DELEGATE,ReferTo,MEMORY
SUB,Spoof,HTTP_HEADERS
COMMAND,Bypass,PowerShell script execution policy ACTION
SUB,Have,SilentlyContinue PARAMETER
SUB,Execute,DATA
FILE,ConvertedTo,DATA
SUB,Decompress,DATA
PS COMMAND,Hosted,PATH
SUB,Use,REFLECTION
SUB,Read,DATA
SUB,Executes,OBF
SUB,Execute,ASSEMBLY
SUB,Set,ACTION
PS COMMAND,Have,OBF
SUB,Send,IP ADDRESS
SUB,Execute,Marshal::Copy WAPI
SUB,Execute,START PROCESS COMMAND
SUB,Have,OBF FUNCTION
SUB,ADD REFERENCE TO,EXE
FILE,RenamedTo,EXE
CUSTOMIZED FUNCTION,Use,IEX COMMAND
data,Sent,EXTERNAL SERVICE
MESSAGE,SentTo,WEBHOOK
SUB,Define,PAYLOAD PARAMETER
AutoRun REGKEY,Hosted,REGKEY
COMMAND,Have,OBF PAYLOAD
PARAMETER,Have,STRING
SUB,Escalate,ACCESS LEVEL
FILE,Hosted,SYSTEM PATH
ENTITY,Used for,ACTION
SUB,Create,FILE SHORTCUT
DATA,Have,NET ASSEMBLY
FILE,Have Name,RANDOM STRING
EXE,Wait,SLEEP
DATA,SentTo,EXTERNAL SERVICE
SUB,Use,LOOP
EXE,Generate,PS COMMAND
SUB,Load,Reflection.Assembly WAPI
SUB,Have,ACTION
FUNCTION,Have,BREAKPOINT
SUB,Execute,BYTE ARRAY PAYLOAD
SUB,Have,OBF PARAMETER
SUB,Execute,System.Reflection.Assembly WAPI
FILE,ChangedTo,EXE
TASK,Execute every,FREQUENCY
FILE,Saved,PATH
THREAD,Execute,CODE
SUB,Have,REVERSE/BIND TCP
PS COMMAND,Have,-sta PARAMETER
PARAMETER,Have,BYPASS PARAMETER
SUB,Exfiltrate,PVI
SUB,Extract,EXE
SUB,Check,SIZE OF POINTER
EXE,Decode,DATA
FUNCTION,Connect,URL
SUB,Execute,NAMESPACE
IEX COMMAND,Combined,FILE WITH RANDOM NAME
PATH,LocatedIn,PATH
COMMAND,Contains,PARAMETER
SUB,Execute,RegSvcs EXE
SUB,Modify,ATTRIBUTE
FUNCTION,Have,ERR
MEMORY,Execute,THREAD
PS COMMAND,Have,Split PARAMETER
URL,Hosted,EXTERNAL SERVICE
REGKEY,Set Value,VALUE
PARAMETER,Load,CODE
NAMESPACE,Have,FUNCTION
FILE,Saved,DOWNLOAD PATH
SUB,Delete,EXE
SUB,Disable,DEFENDER
ZIPPED FILE,Send To,BOT
OBF,Hosted,ASSEMBLY
SUB,Create,COMPRESSED FILE
SUB,Retrieve,MEMORY
OBF,Have,OBF PARAMETER
SUB,Have,Discord API
ASM,Execute,ACTION
OBF,Copied,MEMORY
WAPI,Create,THREAD
WAPI,Import,WAPI
PATH,Refer to,PATH
EXE,Saved,PATH WITH CUSTOMIZED NAME
COMMAND,Load,LIBRARY
DECOMPRESS FUNCTION,Uncompress,EXE
EXE,Use,BYPASS  PARAMETER
SUB,Check,PRIVILEDGE
WAPI,Check,PVI
TASK,Have,LOOP
WAPI,Create,MEMORY
SUB,Replace,STRING
SUB,Execute,CODE
SUB,Obfuscates,OBF
SUB,Set,COOKIE
PS COMMAND,Have,ENCODED PARAMETER
WAPI,Execute,WAIT
SERVICE,Accessed by,PARAMETER
SUB,Connect,ACTION
SUB,Hide,EXE
SUB,Execute,PRIVILEGE ESCALATE
SUB,Defines,PARAMETER
SUB,Add Exclusion,REGKEY
NET ASSEMBLY,Execute,FUNCTION
COMMAND,Collect,PVI
ACTION,Include,ACTION
SUB,Use,DECRYPTION
EXE,Connect,REMOTE HOST
LOOP,Read,DATA
SUB,Execute,PARAMETER
COMPRESSED FILE,Have,FILE
DATA,SentTo,WEBHOOK
EXE,Without,SIGNATURE
FUNCTION,Call,WAPI
PARAMETER,SetTo,PARAMETER VALUE
SUB,Have,BREAKPOINT
PVI,Include,PVI
SUB,Use,PARAMETER WITH RANDOM NAME
SUB,Hide,PROCESS
SUB,Have,DLL
SUB,Create,CLASS
SUB,Use,Reflective DLL Injection
EXE,Load,DLL
SUB,Modify,APP CONFIGURATION FILE
SUB,Extract,DATA
SUB,Create,FILE
FUNCTION,Execute,NET ASSEMBLY
SUB,Creates,ACTION
PVI,SentTo,WEBHOOK
SUB,Check,VM
SUB,Check,POINTER SIZE
SUB,Encode,BASE64
PVI,Have,PVI
SUB,Have,ERR
COMPRESSED FILE,Decompressed,EXE
DATA,Include,FILE
REGKEY,Access,DEFENDER
SUB,Load,EXE
DATA,StartWith,BOM
DATA,Hosted,TEMP PATH
SUB,Have,ENCODE PARAMETER
COM,Execute,EXE
Disable Script Block Logging,Have,CONDITION
EXE,Created By,SUB
CODE,Use,WAPI
WAPI,Hosted,DLL
SUB,Delete,TASK
SUB,Delete,DATA
SUB,Access,Desktop PATH
WAPI,UsedBy,SUB
COMMAND,Downloaded,URL
SUB,Use,Start-Job COMMAND
SUB,Execute,IEX COMMAND
Function,Use,System.Web.HttpUtility WAPI
EXE,Execute,HIDDEN MODE
EXE,Have,BYPASS PARAMETER
SUB,Creates,DELEGATE
PATH,Hosted,SUB
FUNCTION,Execute,COMMAND WITH DATA
SUB,Use,Invoke-RestMethod COMMAND
FUNCTION,Create,DELEGATE
SUB,Create,USER APPDATA PATH
Start-Sleep COMMAND,Execute,SLEEP
SUB,ACCESS,PATH
SUB,Change,PERMISSION
COMMAND,Wait,TIME
DELEGATE,Call,WAPI
FUNCTION,Access,DATA
EXE,Locate,PATH
SUB,Create,ASM
SUB,Calls,FUNCTION
DATA,Have,CODE
OBF,Encrypt,ASM
SUB,Detect,DEFENDER
DELEGATE,ReferTo,WAPI
OBF,ConvertedTo,FILE
SUB,Use,COMPRESSION WAPI
EXE,Saved,ProgramData PATH
SUB,Use,BYPASS PARAMETER
SUB,Delete,COMPRESSED FILE
COMMAND,Have,UseBasicParsing PARAMETER
FILE,Hosted,BIN PATH
BREAKPOINT,Change,EXECUTION FLOW
PVI,Include,DEFENDER INFO
PVI,SentTo,URL
EXE,Loaded,MEMORY
SUB,Contain,OBF
SUB,Delete,WMI event filters and consumers
COMMAND,Execute,OBF EXE
DATA,ConvertedTo,OBF
SUB,Delete,PVI
TASK,Named,TASK_NAME
SUB,Create,EXE SHORTCUT
EXE,Hosted,URL
SUB,Delete,TEMP PATH
PARAMETER,Connect,URL
WAPI,Connect,URL
TOKEN,Have,CREDENTIAL
ERROR ACTION PARAMETER,Have,silentlycontinue VALUE
OBF,Have,COMMAND
FILE,Have,OBF
EXE,Hosted,PATH
SUB,Kill,PROCESS
FILE,Concatenated,FILE
PowerShell execution policy,SetTo,BYPASS PARAMETER
ASSEMBLY,Execute,FUNCTION
SUB,SetPermission,PERMISSION TO MEMORY
SUB,Execute,CUSTOMIZED FUNCTION
COOKIE,Have,ENCODED DATA
EXE,Hosted,IP
WAPI,COPY,OBF
POST,Uploaded,URL
OBF,Contain,EXE
SUB,Have,ACCESS TOKEN
SUB,Use,OBF CODE
SUB,Create,ACTION
SUB,Collect,KEYBOARD EVENT
SUB,Download,URL
SUB,Connect,EXTERNAL SERVICE
MEMORY,Have,ATTRIBUTE
SUB,Have,ENCRYPTION FUNCTION
SUB,Add Exclusion,EXE
WAPI,CalledWith,CUSTOMIZED PARAMETER
WebClient OBJECT,Have,WebProxy
SUB,Use,Encryption
FILE,Include,TYPES
TASK,Execute,REMOTE CONNECTION
SUB,Load,ASSEMBLY
SUB,Collect,TEXT IMG FILE
SUB,Have,SPECIFIED FILE EXTENSION
SUB,Downloads and Executes,EXE
SUB,Receive,DATA
REVERSE/BIND TCP,Connect,REMOTE HOST
DLL INJECTION,Have,WAPI
SUB,Create,RUNSPACE POOL
SUB,Delete,FILE
FILE,Have,IP
FILE,Loaded,MEMORY
COMMAND,Output,EXE
SUB,Create,DELEGATE
SUB,Add Exclusion,PROCESS
COMMAND,Have,ACTION
SUB,Have,EXE
LOOP,Have,Infinite Loop
SUB,Use,Remove-Encryption COMMAND
SUB,Check,CRYPTOCURRENCY INFO
PVI,Write,TEMP FILE
SUB,Access,DATA
DATA,Contain,EXE
SUB,Use,BREAKPOINT
SUB,Check,running as an administrator
SUB,Create,POINTER
DATA,Joined,DATA
EXE,Use,COMMAND
MEMORY,Load,OBF
SUB,Add,PVI
EXE,Added To,AUTORUN REGKEY
SUB,Contain,DATA
WAPI,Used for,CODE
EXE,Create,TASK
LOOP,Wait,EVENT
DATA,Is,EXE
COMPRESSED FILE,Saved,PATH
FUNCTION,Execute,FILE
DATA,ConvertedTo,DATA
IEX COMMAND,Execute,DATA
SUB,Lacks,ACTION
Reflection.Assembly,Load,EXE
SUB,Load,PresentationCore ASSEMBLY
SUB,Check,DEFENDER
PS COMMAND,Wait,BACKGROUND JOB
SUB,Execute,System Shutdown COMMAND
SUB,Place,FILE
SUB,Create,AutoRun REGKEY
SUB,Include,SLEEP
SUB,Wait,SLEEP
WEBCLIENT,Set,USER AGENT
OBF,Is,SHELLCODE
SUB,Have,Reflection
COMMAND,Disable,DEFENDER
TASK,Execut,AutoRun
SUB,Disable,Script Block Logging
SUB,Collect,IP
SUB,Have,NET ASSEMBLY
FUNCTION,From,LIBRARY
SUB,Gets address of,ADDRESS OF FUNCTION
EXE,Load,NET ASSEMBLY
STRING,ConvertedTo,BYTEARRAY
SUB,Change Directory,USER APPDATA PATH
AutoRun REGKEY,Have,SOCKS
SUB,Access,PVI
SUB,Creates,ENTITY
SUB,Use,Command-Line Argument PARAMETER
EXE,Have,ENTRYPOINT TO EXE
SUB,Bypass,DEFENDER
SUB,EXECUTE,ACTION
PARAMETER,ReferTo,COMMAND
DELEGATE,Execute,MEMORY
SUB,Allocate,ACTION
EXE,Execute,OBF PAYLOAD
PID,Saved,TEMP FILE
SUB,Import,ASSEMBLY
Access Token,Access,EXTERNAL SERVICE
SUB,Define,CLASS
OBF,Use,WaitForSingleObject WAPI
EXE,Have,ARGUMENT
PS COMMAND,Use,PARAMETER
MEMORY,Load,DATA
DATA,OrderBy,BOM
SUB,Create,DYNAMIC DELEGATE
EXE,Saved,FILE
SUB,Execute,TASK DELETE COMMAND
FILE,WITH NAME,RANDOM FILE NAME
SUB,Access,FILE
DLL,Hosted,URL
SUB,Use,Get-ProcessCOMMAND
ProgramDATA PATH,Have,EXE
THREAD,Execute,OBF
SUB,Use,PENTEST TOOLS
SUB,Disable,PS Transcript logging
SUB,Download,ZIPPED FILE
EXE,Have,WAPI
FUNCTION,Execute,ACTION
COMMAND,Have,Download COMMAND
FILE,Save,LOG
EXE,Use,OBF
PVI,Save,TEMP PATH
SUB,Clear,PVI
PATH,Have Name,RANDOM STRING
SUB,Use,COMPRESSION COMMAND
SUB,Encrypt,FILE
TASK,Have,COMMAND
SUB,Drop,EXE
SUB,Have,CUSTOMIZED PARAMETER
DATA,ConvertedTo,CODE
SUB,Set,PROPERTY
EXE,Saved,USER APPDATA PATH
DATA,CopiedTo,MEMORY
SUB,Write,DLL
SUB,Use,WAPI
TASK,Execute,FREQNEUCY
SUB,Access,USER APPDATA PATH
FUNCTION,UsedIn,ACTION
SUB,DOWNLOAD,FILE
OBF,DECOMPRESSED,data
SUB,Create,Instance
SUB,Use,PowerShell Execution Policy Bypass ACTION
SUB,Have,PVI
SUB,Monitor,KEYBOARD ACTION
SUB,Execute,WaitForSingleObject ACTION
MEMORY PROTECTION,SetTo,VALUE
SUB,Decrypts,OBF
COMMAND,Have,COMMAND
SUB,Check,MEMORY
TASK,Set,FREQUENCY
SUB,Execute,Reflection.Assembly::Load WAPI
SUB,Defines,OBF
FILE,Hosted,ProgramData PATH
FUNCTION,Create,NET ASSEMBLY
SUB,Decrypt,EXE
PARAMETER,ReferTo,EXE
SUB,Execute,x86 assembly CODE
EXE,Save,PATH
THREAD,Exeucte,CODE
SUB,ADD REFERENCE TO,NET assembly
LOOP,Wait,TIME
SUB,Check,DRIVER
EXE,Have,/C PARAMETER
PVI,Includes,PVI
FILE SHORCUT,Set,AUTORUN
SUB,Check,Powershell VERSION
FUNCTION,Located,MEMORY
COMMAND,Change,ATTRIBUTE
PS COMMAND,Have,PAYLOAD
SUB,Load,assembly DLL
DATA,Write,FILE
PS COMMAND,Have,sta PARAMETER
SUB,Save,SHORTCUT
FILE,UploadedTo,EXTERNAL SERVICE
FUNCTION,Decode,OBF
OBF,Have,PVI
COMPRESSED FILE,Have,EXE
SUB,Compute,OBF
OBF,Include,OBF
EXE,Use,CallWindowProc WAPI
EXE,Use,Reflective DLL injection
SUB,Use,XOR ACTION
SUB,Set,PARAMETER
EXE,Is,OBF
EXE,Use,DATA
TASK,Execute,REMOTE CODE
SUB,Execute,Get-NetIPAddress WAPI
EXE,Load,FILE
SUB,Use,Mimikatz versatile tool
LIBRARY,Have,WAPI
SUB,Display,POPUP WINDOW
SUB,Create,EXE
WAPI,Use,PARAMETER
EXE,Have,Bypass PARAMETER
WAPI,CalledWith,lpThreadId PARAMETER
SUB,Use,EXTERNAL URL
SUB,EXECUTE,COMMAND
SUB,Allocates,MEMORY
SUB,Create,OBF
SUB,Modify,ACTION
EXE,Have Name,RANDOM STRING
WAPI,Have,ADDRESS PARAMETER
PARAMETER,Forms,COMMAND
SUB,Maintain,ACTION
OBF,DecodedTo,DATA
PVI,Connect,URL
SUB,Disable,Privacy Mode
SUB,Manipulate,VARIABLE
SUB,Have,PARAMETER
EXE,Decrypt and Execute,DECRYPT
SUB,Create,PROCESS
SUB,Access,DEVICE
SUB,Decode,FUNCTION
SUB,Terminate,MESSAGE
PS COMMAND,Have,-eC PARAMETER
FUNCTION,Create,DYNAMIC FUNCTION
IEX COMMAND,Have,PARAMETER
SUB,Remove,DATA
SUB,Execute,PS COMMAND
COMMAND,Have,EXE
SUB,Use,UrlDecodeToBytes Function
SUB,Use,EnumWindows WAPI
SUB,Filter,TYPES
RegKey,Load,DLL
OBF,Have,CODE
AUTORUN REGKEY,SetTo,EXE
SUB,Decrypt,DATA
SUB,Contact,URL
PARAMETER,ReferTo,DATA
LOOP,Collect,PVI
DATA,Decode,COMMAND
ASSEMBLY,Contain,FUNCTION
COMPRESSED FILE,Hosted,URL
VAR,Have,OBF
SUB,Create,PATH
WAPI,Hosted,LIBRARY
LIBRARY,Provides,WAPI
SUB,Use,Out-Null COMMAND
CLASS,Collect,PVI
PS COMMAND,Have,Reflective DLL Injection ACTION
Keyboard EVENT,Include,Keyboard EVENT
PS COMMAND,Use,System.Windows.Forms WAPI
SUB,Delete,LINK FILE
SHORTCUT,Hosted,ProgramData PATH
SUB,Check,SYSINFO
SUB,Have,IEX COMMAND
SUB,Hide,Console Window
AUTORUN REGKEY,Have,RANDOM KEY
SUB,Decode,OBF
SUB,EXECUTE,FUNCTION
COMMAND,Wait,SLEEP
EXE,Execute,WScript.Shell OBJECT
SUB,Replace,FILE
OBF,Execute,PS COMMAND
SUB,Create,HIDDEN PATH
SUB,Wait,CONDITION
FILE,Saved,ProgramData PATH
SUB,Use,CUSTOMIZED PARAMETER
FILE,Execute,String Concatenation COMMAND
SUB,Modify,AutoRun REGKEY
WAPI,Inject,NET ASSEMBLY
FILE,Have,RANDNAME
SUB,Check,Powershell version
SUB,Use,BOT TOKEN
SUB,Write,ProgramData PATH
SUB,Execute,GetAsyncKeyState WAPI
SUB,Create,TASK
SUB,Create,DATA
SUB,Access,REGKEY
CODE,Execute,ASSEMBLY
SUB,Execute,Register NET service ACTION
SUB,Execute,LOOP
DATA,Include,DATA
SUB,Bypass,AUTHENTIFICATION
COMMAND,Have,TIME
OBF,Hosted,EXTERNAL URL
SUB,Create,ASSEMBLY
DATA,Hosted,URL
SUB,EXECUTE,EXE
SUB,Use,Powershell Reflection
ACCESS TOKEN,SentTo,EXTERNAL SERVICE
MEMORY,Hosted,OBF
OBF,Have,IEX COMMAND
OBF,Decode,OBF
PVI,Include,IP ADDRESS
SUB,Delete,TEMP FILE
SUB,Modify,COOKIE
FILE,Use,WAPI
WAPI,Monitor,KEYBOARD EVENT
SUB,Enumerate,PVI
SUB,Define,Class
OBF,Have,ACTION
DATA,Have,PS COMMAND
LOOP,Breaks On,EVENT
Reflective DLL Injection,Load,DATA
SUB,Download,DLL
COMPRESSED FILE,Extract,EXE
EXE,Saved,PUBLIC PATH
SUB,React,ACTION
SUB,Use,CLASS
FILE,CompressedTo,COMPRESSED FILE
SUB,Change,SETTING
SUB,Remove,FILE
OBF,DecodedTo,CODE
EXE,EXPORT,DLLRegister WAPI
EXE,Saved,USER PUBLIC PATH
TASK,Have,FREQUENCY
SUB,Execute,DEFENDER
C:\Temp\file.ps1,PARAMETER,EXE
SUB,Use,WaitForSingleObject WAPI
DATA,Have,ASSEMBLY
PS COMMAND,Have,Bypass PARAMETER
SUB,Use,FILE
WAPI,Download,URL
FUNCTION,Retrieve,MEM_ADDRESS
COMMAND,Execute,FILE
SUB,Decrypt,FILE
OBF,ConvertedTo,DATA
WEBHOOK,Hosted,URL
Marshal::Copy WAPI,CalledWith,PARAMETER
SUB,Use,Upload COMMAND
SUB,Load,PresentationCore assembly CODE
SUB,Create,TEMP PATH
SUB,Save,FILE
SUB,Decode,DATA
FUNCTION,Execute,EXE
PS COMMAND,Have Name,RANDOM STRING
SUB,Extract,PATH
SUB,Start,PROCESS
SUB,Remove,DOWNLOADED FILE
SUB,Combine,ACTION
FUNCTION,Check,MEMORY_ADDRESS
NAMESPACE,Have,WAPI
COMMAND,Copy,FILE
FUNCTION,Convert,ACTION
PS COMMAND,capture,PVI
COMPRESSED FILE,Have,PASSWORD
SUB,Place,EXE
OBF,DecodedWith,PARAMETER
Reflective DLL Injection,Execute,Assembly.Load() WAPI
SUB,Use,WebClient WAPI
SUB,Write,DATA
OBF,Is Decoded Into,ACTION
ASM,Execute,EICAR STRING
SUB,Use,LIBRARY
SUB,OBF,OBF
SLEEP,Wait,TIME
SUB,Delete,PATH
SUB,Execute,Interaction.CallByname WAPI
